year,no_sum_res_24,has_sum_res_24,perc_sum_res_24
2006,9,0,0
2007,24,0,0
2008,23,0,0
2009,31,1,0.03125
2010,20,1,0.047619047619047616
2011,38,3,0.07317073170731707
2012,27,1,0.03571428571428571
2013,31,0,0
2014,33,3,0.08333333333333333
2015,46,6,0.11538461538461539
2016,30,4,0.11764705882352941
2017,25,2,0.07407407407407407
